{
  "person_1": {
    "signature": [
      0.14634138036458588,
      0.3068527043253678,
      0.37277626143579723,
      0.4849327771876616,
      0.755939490402779,
      0.39848134599593155,
      0.4411648925830108,
      0.5471159022590887,
      0.16105069126951757,
      0.22710699655982236,
      0.3626673907320254,
      0.7050451298751036,
      0.3300598205454922,
      0.41175868861760534,
      0.4585490917093408,
      0.06627021390849773,
      0.2724548676549253,
      0.6964155847038999,
      0.3070219757612276,
      0.4515334117830563,
      0.4167064068620626,
      0.25520202940737247,
      0.7017722718769785,
      0.32319792457634533,
      0.48120891818047845,
      0.4148323961044277,
      0.46364017983763856,
      0.5744123096305328,
      0.32563000430481337,
      0.17572547926187349,
      1.0,
      0.3190841214206026,
      0.29021037979106706,
      0.7315743651303649,
      0.72352000141887,
      0.22005731005379536
    ],
    "baseline_r": 0.3636206068613321,
    "baseline_l": 0.33455920421195035
  },
  "person_2": {
    "signature": [
      0.17601883202588386,
      0.3807844816517523,
      0.5181936123921709,
      0.45939763392169647,
      0.7515637109905422,
      0.43003251611125093,
      0.4634855111186834,
      0.589715091456749,
      0.20634825712407923,
      0.34533947188791364,
      0.33452155169224923,
      0.6863733690670915,
      0.34708502124372786,
      0.4284166733472229,
      0.4650372787424359,
      0.13965710549337956,
      0.3100033351361978,
      0.6999303859863107,
      0.31629267080753937,
      0.50711502352714,
      0.4120294092015111,
      0.37969035415714375,
      0.757511112834143,
      0.35193800276234105,
      0.6075753724586296,
      0.4477543534277853,
      0.3925472270053533,
      0.6134609488109148,
      0.24958680476939182,
      0.13366888117501002,
      1.0,
      0.2940898846544603,
      0.3149922300495649,
      0.7679025879484432,
      0.7262561823276558,
      0.2916203091340776
    ],
    "baseline_r": 0.32359886272939736,
    "baseline_l": 0.3317580954898199
  },
  "person_3": {
    "signature": [
      0.1547267874731591,
      0.3709023264586905,
      0.542350439023042,
      0.4077047548827547,
      0.7482192595747931,
      0.38741642194016335,
      0.46032291464555153,
      0.6078441457208703,
      0.21707691424745626,
      0.38980184406128604,
      0.3222071441332893,
      0.684074770951352,
      0.33787149651485526,
      0.4207200547159995,
      0.4932740851342202,
      0.17352418227879596,
      0.3401066500298873,
      0.6784465773929239,
      0.35229748803488,
      0.48427344364050373,
      0.41332616899899954,
      0.454346666764405,
      0.7427134358213157,
      0.4300247896122281,
      0.6052191160182048,
      0.4461724213210809,
      0.36336684773181943,
      0.6386376156982215,
      0.1509264119652227,
      0.21735975290792828,
      1.0,
      0.29359412273550184,
      0.30255436995446183,
      0.7548730453834884,
      0.7601211594675756,
      0.2996262174465988
    ],
    "baseline_r": 0.3296001152285573,
    "baseline_l": 0.3278488280121024
  },
  "person_4": {
    "signature": [
      0.17547848974975985,
      0.4173924050853834,
      0.6035175223226359,
      0.3967524769970792,
      0.7775145974332998,
      0.41367149718577456,
      0.4504212227000372,
      0.6317694287959439,
      0.2419558077417444,
      0.42810870063784817,
      0.2871509518827649,
      0.7183898246858952,
      0.31877281090204523,
      0.4235010913670666,
      0.5080613588045645,
      0.18620968214690392,
      0.2887558585763178,
      0.7093745461183573,
      0.3224587022590375,
      0.502894197212553,
      0.4110826839364155,
      0.4060937003365146,
      0.7588619725625829,
      0.4300787676954243,
      0.6250993772699233,
      0.42638254898919786,
      0.44421353307460465,
      0.5571195684138671,
      0.22155890499118075,
      0.23673669836594727,
      1.0,
      0.3326470459529765,
      0.3360776845059206,
      0.7337706025915155,
      0.7277893251351253,
      0.33560227961256756
    ],
    "baseline_r": 0.31861106701981545,
    "baseline_l": 0.3439803958682469
  },
  "person_5": {
    "signature": [
      0.16314873553706938,
      0.3775963700294091,
      0.5302669592780755,
      0.4106034463816335,
      0.7480480801929357,
      0.41348456877456746,
      0.4416359279798154,
      0.5908714161482858,
      0.21458179003409314,
      0.3674719283623401,
      0.30682169405009885,
      0.6976627808756151,
      0.33288446736404353,
      0.4179094751382938,
      0.48077037150518903,
      0.1530709919917692,
      0.2843412228830114,
      0.6936865513382457,
      0.3288908510925719,
      0.4842524573618375,
      0.40266583575919684,
      0.3638138999733945,
      0.738882591255123,
      0.39659261767395343,
      0.5838734452315061,
      0.4200633671794768,
      0.41754910850358506,
      0.5854003780305312,
      0.22437566588871566,
      0.1855624256132904,
      1.0,
      0.3105988416430602,
      0.32388758500070375,
      0.7435570085217618,
      0.7285891266557375,
      0.3005535775687057
    ],
    "baseline_r": 0.3356725577797419,
    "baseline_l": 0.31412747211402076
  }
}